source_dataset,vehicle_type,ac_type,distance_km,fare_amount,base_fare,base_km,per_km_rate
delhi_notification_2023,auto_rickshaw,na,0-1.5,30.0,30.0,1.5,11.0
delhi_notification_2023,auto_rickshaw,na,1.6,31.1,30.0,1.5,11.0
delhi_notification_2023,auto_rickshaw,na,1.7,32.2,30.0,1.5,11.0
delhi_notification_2023,auto_rickshaw,na,1.8,33.3,30.0,1.5,11.0
delhi_notification_2023,auto_rickshaw,na,1.9,34.4,30.0,1.5,11.0
delhi_notification_2023,auto_rickshaw,na,2.0,35.5,30.0,1.5,11.0
delhi_notification_2023,auto_rickshaw,na,2.1,36.6,30.0,1.5,11.0
delhi_notification_2023,auto_rickshaw,na,2.2,37.7,30.0,1.5,11.0
delhi_notification_2023,auto_rickshaw,na,2.3,38.8,30.0,1.5,11.0
delhi_notification_2023,auto_rickshaw,na,2.4,39.9,30.0,1.5,11.0
delhi_notification_2023,auto_rickshaw,na,2.5,41.0,30.0,1.5,11.0
delhi_notification_2023,auto_rickshaw,na,2.6,42.1,30.0,1.5,11.0
delhi_notification_2023,auto_rickshaw,na,2.7,43.2,30.0,1.5,11.0
delhi_notification_2023,auto_rickshaw,na,2.8,44.3,30.0,1.5,11.0
delhi_notification_2023,auto_rickshaw,na,2.9,45.4,30.0,1.5,11.0
delhi_notification_2023,auto_rickshaw,na,3.0,46.5,30.0,1.5,11.0
delhi_notification_2023,auto_rickshaw,na,3.1,47.6,30.0,1.5,11.0
delhi_notification_2023,auto_rickshaw,na,3.2,48.7,30.0,1.5,11.0
delhi_notification_2023,auto_rickshaw,na,3.3,49.8,30.0,1.5,11.0
delhi_notification_2023,auto_rickshaw,na,3.4,50.9,30.0,1.5,11.0
delhi_notification_2023,auto_rickshaw,na,3.5,52.0,30.0,1.5,11.0
delhi_notification_2023,auto_rickshaw,na,3.6,53.1,30.0,1.5,11.0
delhi_notification_2023,auto_rickshaw,na,3.7,54.2,30.0,1.5,11.0
delhi_notification_2023,auto_rickshaw,na,3.8,55.3,30.0,1.5,11.0
delhi_notification_2023,auto_rickshaw,na,3.9,56.4,30.0,1.5,11.0
delhi_notification_2023,auto_rickshaw,na,4.0,57.5,30.0,1.5,11.0
delhi_notification_2023,auto_rickshaw,na,4.1,58.6,30.0,1.5,11.0
delhi_notification_2023,auto_rickshaw,na,4.2,59.7,30.0,1.5,11.0
delhi_notification_2023,auto_rickshaw,na,4.3,60.8,30.0,1.5,11.0
delhi_notification_2023,auto_rickshaw,na,4.4,61.9,30.0,1.5,11.0
delhi_notification_2023,auto_rickshaw,na,4.5,63.0,30.0,1.5,11.0
delhi_notification_2023,auto_rickshaw,na,4.6,64.1,30.0,1.5,11.0
delhi_notification_2023,auto_rickshaw,na,4.7,65.2,30.0,1.5,11.0
delhi_notification_2023,auto_rickshaw,na,4.8,66.3,30.0,1.5,11.0
delhi_notification_2023,auto_rickshaw,na,4.9,67.4,30.0,1.5,11.0
delhi_notification_2023,auto_rickshaw,na,5.0,68.5,30.0,1.5,11.0
delhi_notification_2023,auto_rickshaw,na,5.1,69.6,30.0,1.5,11.0
delhi_notification_2023,auto_rickshaw,na,5.2,70.7,30.0,1.5,11.0
delhi_notification_2023,auto_rickshaw,na,5.3,71.8,30.0,1.5,11.0
delhi_notification_2023,auto_rickshaw,na,5.4,72.9,30.0,1.5,11.0
delhi_notification_2023,auto_rickshaw,na,5.5,74.0,30.0,1.5,11.0
delhi_notification_2023,auto_rickshaw,na,5.6,75.1,30.0,1.5,11.0
delhi_notification_2023,auto_rickshaw,na,5.7,76.2,30.0,1.5,11.0
delhi_notification_2023,auto_rickshaw,na,5.8,77.3,30.0,1.5,11.0
delhi_notification_2023,auto_rickshaw,na,5.9,78.4,30.0,1.5,11.0
delhi_notification_2023,auto_rickshaw,na,6.0,79.5,30.0,1.5,11.0
delhi_notification_2023,auto_rickshaw,na,6.1,80.6,30.0,1.5,11.0
delhi_notification_2023,auto_rickshaw,na,6.2,81.7,30.0,1.5,11.0
delhi_notification_2023,auto_rickshaw,na,6.3,82.8,30.0,1.5,11.0
delhi_notification_2023,auto_rickshaw,na,6.4,83.9,30.0,1.5,11.0
delhi_notification_2023,auto_rickshaw,na,6.5,85.0,30.0,1.5,11.0
delhi_notification_2023,auto_rickshaw,na,6.6,86.1,30.0,1.5,11.0
delhi_notification_2023,auto_rickshaw,na,6.7,87.2,30.0,1.5,11.0
delhi_notification_2023,auto_rickshaw,na,6.8,88.3,30.0,1.5,11.0
delhi_notification_2023,auto_rickshaw,na,6.9,89.4,30.0,1.5,11.0
delhi_notification_2023,auto_rickshaw,na,7.0,90.5,30.0,1.5,11.0
delhi_notification_2023,auto_rickshaw,na,7.1,91.6,30.0,1.5,11.0
delhi_notification_2023,auto_rickshaw,na,7.2,92.7,30.0,1.5,11.0
delhi_notification_2023,auto_rickshaw,na,7.3,93.8,30.0,1.5,11.0
delhi_notification_2023,auto_rickshaw,na,7.4,94.9,30.0,1.5,11.0
delhi_notification_2023,auto_rickshaw,na,7.5,96.0,30.0,1.5,11.0
delhi_notification_2023,auto_rickshaw,na,7.6,97.1,30.0,1.5,11.0
delhi_notification_2023,auto_rickshaw,na,7.7,98.2,30.0,1.5,11.0
delhi_notification_2023,auto_rickshaw,na,7.8,99.3,30.0,1.5,11.0
delhi_notification_2023,auto_rickshaw,na,7.9,100.4,30.0,1.5,11.0
delhi_notification_2023,auto_rickshaw,na,8.0,101.5,30.0,1.5,11.0
delhi_notification_2023,auto_rickshaw,na,8.1,102.6,30.0,1.5,11.0
delhi_notification_2023,auto_rickshaw,na,8.2,103.7,30.0,1.5,11.0
delhi_notification_2023,auto_rickshaw,na,8.3,104.8,30.0,1.5,11.0
delhi_notification_2023,auto_rickshaw,na,8.4,105.9,30.0,1.5,11.0
delhi_notification_2023,auto_rickshaw,na,8.5,107.0,30.0,1.5,11.0
delhi_notification_2023,auto_rickshaw,na,8.6,108.1,30.0,1.5,11.0
delhi_notification_2023,auto_rickshaw,na,8.7,109.2,30.0,1.5,11.0
delhi_notification_2023,auto_rickshaw,na,8.8,110.3,30.0,1.5,11.0
delhi_notification_2023,auto_rickshaw,na,8.9,111.4,30.0,1.5,11.0
delhi_notification_2023,auto_rickshaw,na,9.0,112.5,30.0,1.5,11.0
delhi_notification_2023,auto_rickshaw,na,9.1,113.6,30.0,1.5,11.0
delhi_notification_2023,auto_rickshaw,na,9.2,114.7,30.0,1.5,11.0
delhi_notification_2023,auto_rickshaw,na,9.3,115.8,30.0,1.5,11.0
delhi_notification_2023,auto_rickshaw,na,9.4,116.9,30.0,1.5,11.0
delhi_notification_2023,auto_rickshaw,na,9.5,118.0,30.0,1.5,11.0
delhi_notification_2023,auto_rickshaw,na,9.6,119.1,30.0,1.5,11.0
delhi_notification_2023,auto_rickshaw,na,9.7,120.2,30.0,1.5,11.0
delhi_notification_2023,auto_rickshaw,na,9.8,121.3,30.0,1.5,11.0
delhi_notification_2023,auto_rickshaw,na,9.9,122.4,30.0,1.5,11.0
delhi_notification_2023,auto_rickshaw,na,10.0,123.5,30.0,1.5,11.0
delhi_notification_2023,auto_rickshaw,na,10.1,124.6,30.0,1.5,11.0
delhi_notification_2023,auto_rickshaw,na,10.2,125.7,30.0,1.5,11.0
delhi_notification_2023,auto_rickshaw,na,10.3,126.8,30.0,1.5,11.0
delhi_notification_2023,auto_rickshaw,na,10.4,127.9,30.0,1.5,11.0
delhi_notification_2023,auto_rickshaw,na,10.5,129.0,30.0,1.5,11.0
delhi_notification_2023,auto_rickshaw,na,10.6,130.1,30.0,1.5,11.0
delhi_notification_2023,auto_rickshaw,na,10.7,131.2,30.0,1.5,11.0
delhi_notification_2023,auto_rickshaw,na,10.8,132.3,30.0,1.5,11.0
delhi_notification_2023,auto_rickshaw,na,10.9,133.4,30.0,1.5,11.0
delhi_notification_2023,auto_rickshaw,na,11.0,134.5,30.0,1.5,11.0
delhi_notification_2023,auto_rickshaw,na,11.1,135.6,30.0,1.5,11.0
delhi_notification_2023,auto_rickshaw,na,11.2,136.7,30.0,1.5,11.0
delhi_notification_2023,auto_rickshaw,na,11.3,137.8,30.0,1.5,11.0
delhi_notification_2023,auto_rickshaw,na,11.4,138.9,30.0,1.5,11.0
delhi_notification_2023,auto_rickshaw,na,11.5,140.0,30.0,1.5,11.0
delhi_notification_2023,auto_rickshaw,na,11.6,141.1,30.0,1.5,11.0
delhi_notification_2023,auto_rickshaw,na,11.7,142.2,30.0,1.5,11.0
delhi_notification_2023,auto_rickshaw,na,11.8,143.3,30.0,1.5,11.0
delhi_notification_2023,auto_rickshaw,na,11.9,144.4,30.0,1.5,11.0
delhi_notification_2023,auto_rickshaw,na,12.0,145.5,30.0,1.5,11.0
delhi_notification_2023,auto_rickshaw,na,12.1,146.6,30.0,1.5,11.0
delhi_notification_2023,auto_rickshaw,na,12.2,147.7,30.0,1.5,11.0
delhi_notification_2023,auto_rickshaw,na,12.3,148.8,30.0,1.5,11.0
delhi_notification_2023,auto_rickshaw,na,12.4,149.9,30.0,1.5,11.0
delhi_notification_2023,auto_rickshaw,na,12.5,151.0,30.0,1.5,11.0
delhi_notification_2023,auto_rickshaw,na,12.6,152.1,30.0,1.5,11.0
delhi_notification_2023,auto_rickshaw,na,12.7,153.2,30.0,1.5,11.0
delhi_notification_2023,auto_rickshaw,na,12.8,154.3,30.0,1.5,11.0
delhi_notification_2023,auto_rickshaw,na,12.9,155.4,30.0,1.5,11.0
delhi_notification_2023,auto_rickshaw,na,13.0,156.5,30.0,1.5,11.0
delhi_notification_2023,auto_rickshaw,na,13.1,157.6,30.0,1.5,11.0
delhi_notification_2023,auto_rickshaw,na,13.2,158.7,30.0,1.5,11.0
delhi_notification_2023,auto_rickshaw,na,13.3,159.8,30.0,1.5,11.0
delhi_notification_2023,auto_rickshaw,na,13.4,160.9,30.0,1.5,11.0
delhi_notification_2023,auto_rickshaw,na,13.5,162.0,30.0,1.5,11.0
delhi_notification_2023,auto_rickshaw,na,13.6,163.1,30.0,1.5,11.0
delhi_notification_2023,auto_rickshaw,na,13.7,164.2,30.0,1.5,11.0
delhi_notification_2023,auto_rickshaw,na,13.8,165.3,30.0,1.5,11.0
delhi_notification_2023,auto_rickshaw,na,13.9,166.4,30.0,1.5,11.0
delhi_notification_2023,auto_rickshaw,na,14.0,167.5,30.0,1.5,11.0
delhi_notification_2023,auto_rickshaw,na,14.1,168.6,30.0,1.5,11.0
delhi_notification_2023,auto_rickshaw,na,14.2,169.7,30.0,1.5,11.0
delhi_notification_2023,auto_rickshaw,na,14.3,170.8,30.0,1.5,11.0
delhi_notification_2023,auto_rickshaw,na,14.4,171.9,30.0,1.5,11.0
delhi_notification_2023,auto_rickshaw,na,14.5,173.0,30.0,1.5,11.0
delhi_notification_2023,auto_rickshaw,na,14.6,174.1,30.0,1.5,11.0
delhi_notification_2023,auto_rickshaw,na,14.7,175.2,30.0,1.5,11.0
delhi_notification_2023,auto_rickshaw,na,14.8,176.3,30.0,1.5,11.0
delhi_notification_2023,auto_rickshaw,na,14.9,177.4,30.0,1.5,11.0
delhi_notification_2023,auto_rickshaw,na,15.0,178.5,30.0,1.5,11.0
delhi_notification_2023,auto_rickshaw,na,15.1,179.6,30.0,1.5,11.0
delhi_notification_2023,auto_rickshaw,na,15.2,180.7,30.0,1.5,11.0
delhi_notification_2023,auto_rickshaw,na,15.3,181.8,30.0,1.5,11.0
delhi_notification_2023,auto_rickshaw,na,15.4,182.9,30.0,1.5,11.0
delhi_notification_2023,auto_rickshaw,na,15.5,184.0,30.0,1.5,11.0
delhi_notification_2023,auto_rickshaw,na,15.6,185.1,30.0,1.5,11.0
delhi_notification_2023,auto_rickshaw,na,15.7,186.2,30.0,1.5,11.0
delhi_notification_2023,auto_rickshaw,na,15.8,187.3,30.0,1.5,11.0
delhi_notification_2023,auto_rickshaw,na,15.9,188.4,30.0,1.5,11.0
delhi_notification_2023,auto_rickshaw,na,16.0,189.5,30.0,1.5,11.0
delhi_notification_2023,auto_rickshaw,na,16.1,190.6,30.0,1.5,11.0
delhi_notification_2023,auto_rickshaw,na,16.2,191.7,30.0,1.5,11.0
delhi_notification_2023,auto_rickshaw,na,16.3,192.8,30.0,1.5,11.0
delhi_notification_2023,auto_rickshaw,na,16.4,193.9,30.0,1.5,11.0
delhi_notification_2023,auto_rickshaw,na,16.5,195.0,30.0,1.5,11.0
delhi_notification_2023,auto_rickshaw,na,16.6,196.1,30.0,1.5,11.0
delhi_notification_2023,auto_rickshaw,na,16.7,197.2,30.0,1.5,11.0
delhi_notification_2023,auto_rickshaw,na,16.8,198.3,30.0,1.5,11.0
delhi_notification_2023,auto_rickshaw,na,16.9,199.4,30.0,1.5,11.0
delhi_notification_2023,auto_rickshaw,na,17.0,200.5,30.0,1.5,11.0
delhi_notification_2023,auto_rickshaw,na,17.1,201.6,30.0,1.5,11.0
delhi_notification_2023,auto_rickshaw,na,17.2,202.7,30.0,1.5,11.0
delhi_notification_2023,auto_rickshaw,na,17.3,203.8,30.0,1.5,11.0
delhi_notification_2023,auto_rickshaw,na,17.4,204.9,30.0,1.5,11.0
delhi_notification_2023,auto_rickshaw,na,17.5,206.0,30.0,1.5,11.0
delhi_notification_2023,auto_rickshaw,na,17.6,207.1,30.0,1.5,11.0
delhi_notification_2023,auto_rickshaw,na,17.7,208.2,30.0,1.5,11.0
delhi_notification_2023,auto_rickshaw,na,17.8,209.3,30.0,1.5,11.0
delhi_notification_2023,auto_rickshaw,na,17.9,210.4,30.0,1.5,11.0
delhi_notification_2023,auto_rickshaw,na,18.0,211.5,30.0,1.5,11.0
delhi_notification_2023,auto_rickshaw,na,18.1,212.6,30.0,1.5,11.0
delhi_notification_2023,auto_rickshaw,na,18.2,213.7,30.0,1.5,11.0
delhi_notification_2023,auto_rickshaw,na,18.3,214.8,30.0,1.5,11.0
delhi_notification_2023,auto_rickshaw,na,18.4,215.9,30.0,1.5,11.0
delhi_notification_2023,auto_rickshaw,na,18.5,217.0,30.0,1.5,11.0
delhi_notification_2023,auto_rickshaw,na,18.6,218.1,30.0,1.5,11.0
delhi_notification_2023,auto_rickshaw,na,18.7,219.2,30.0,1.5,11.0
delhi_notification_2023,auto_rickshaw,na,18.8,220.3,30.0,1.5,11.0
delhi_notification_2023,auto_rickshaw,na,18.9,221.4,30.0,1.5,11.0
delhi_notification_2023,auto_rickshaw,na,19.0,222.5,30.0,1.5,11.0
delhi_notification_2023,auto_rickshaw,na,19.1,223.6,30.0,1.5,11.0
delhi_notification_2023,auto_rickshaw,na,19.2,224.7,30.0,1.5,11.0
delhi_notification_2023,auto_rickshaw,na,19.3,225.8,30.0,1.5,11.0
delhi_notification_2023,auto_rickshaw,na,19.4,226.9,30.0,1.5,11.0
delhi_notification_2023,auto_rickshaw,na,19.5,228.0,30.0,1.5,11.0
delhi_notification_2023,auto_rickshaw,na,19.6,229.1,30.0,1.5,11.0
delhi_notification_2023,auto_rickshaw,na,19.7,230.2,30.0,1.5,11.0
delhi_notification_2023,auto_rickshaw,na,19.8,231.3,30.0,1.5,11.0
delhi_notification_2023,auto_rickshaw,na,19.9,232.4,30.0,1.5,11.0
delhi_notification_2023,auto_rickshaw,na,20.0,233.5,30.0,1.5,11.0
delhi_notification_2023,auto_rickshaw,na,20.1,234.6,30.0,1.5,11.0
delhi_notification_2023,auto_rickshaw,na,20.2,235.7,30.0,1.5,11.0
delhi_notification_2023,auto_rickshaw,na,20.3,236.8,30.0,1.5,11.0
delhi_notification_2023,auto_rickshaw,na,20.4,237.9,30.0,1.5,11.0
delhi_notification_2023,auto_rickshaw,na,20.5,239.0,30.0,1.5,11.0
delhi_notification_2023,auto_rickshaw,na,20.6,240.1,30.0,1.5,11.0
delhi_notification_2023,auto_rickshaw,na,20.7,241.2,30.0,1.5,11.0
delhi_notification_2023,auto_rickshaw,na,20.8,242.3,30.0,1.5,11.0
delhi_notification_2023,auto_rickshaw,na,20.9,243.4,30.0,1.5,11.0
delhi_notification_2023,auto_rickshaw,na,21.0,244.5,30.0,1.5,11.0
delhi_notification_2023,auto_rickshaw,na,21.1,245.6,30.0,1.5,11.0
delhi_notification_2023,auto_rickshaw,na,21.2,246.7,30.0,1.5,11.0
delhi_notification_2023,auto_rickshaw,na,21.3,247.8,30.0,1.5,11.0
delhi_notification_2023,auto_rickshaw,na,21.4,248.9,30.0,1.5,11.0
delhi_notification_2023,auto_rickshaw,na,21.5,250.0,30.0,1.5,11.0
delhi_notification_2023,auto_rickshaw,na,21.6,251.1,30.0,1.5,11.0
delhi_notification_2023,auto_rickshaw,na,21.7,252.2,30.0,1.5,11.0
delhi_notification_2023,auto_rickshaw,na,21.8,253.3,30.0,1.5,11.0
delhi_notification_2023,auto_rickshaw,na,21.9,254.4,30.0,1.5,11.0
delhi_notification_2023,auto_rickshaw,na,22.0,255.5,30.0,1.5,11.0
delhi_notification_2023,auto_rickshaw,na,22.1,256.6,30.0,1.5,11.0
delhi_notification_2023,auto_rickshaw,na,22.2,257.7,30.0,1.5,11.0
delhi_notification_2023,auto_rickshaw,na,22.3,258.8,30.0,1.5,11.0
delhi_notification_2023,auto_rickshaw,na,22.4,259.9,30.0,1.5,11.0
delhi_notification_2023,auto_rickshaw,na,22.5,261.0,30.0,1.5,11.0
delhi_notification_2023,auto_rickshaw,na,22.6,262.1,30.0,1.5,11.0
delhi_notification_2023,auto_rickshaw,na,22.7,263.2,30.0,1.5,11.0
delhi_notification_2023,auto_rickshaw,na,22.8,264.3,30.0,1.5,11.0
delhi_notification_2023,auto_rickshaw,na,22.9,265.4,30.0,1.5,11.0
delhi_notification_2023,auto_rickshaw,na,23.0,266.5,30.0,1.5,11.0
delhi_notification_2023,auto_rickshaw,na,23.1,267.6,30.0,1.5,11.0
delhi_notification_2023,auto_rickshaw,na,23.2,268.7,30.0,1.5,11.0
delhi_notification_2023,auto_rickshaw,na,23.3,269.8,30.0,1.5,11.0
delhi_notification_2023,auto_rickshaw,na,23.4,270.9,30.0,1.5,11.0
delhi_notification_2023,auto_rickshaw,na,23.5,272.0,30.0,1.5,11.0
delhi_notification_2023,auto_rickshaw,na,23.6,273.1,30.0,1.5,11.0
delhi_notification_2023,auto_rickshaw,na,23.7,274.2,30.0,1.5,11.0
delhi_notification_2023,auto_rickshaw,na,23.8,275.3,30.0,1.5,11.0
delhi_notification_2023,auto_rickshaw,na,23.9,276.4,30.0,1.5,11.0
delhi_notification_2023,auto_rickshaw,na,24.0,277.5,30.0,1.5,11.0
delhi_notification_2023,auto_rickshaw,na,24.1,278.6,30.0,1.5,11.0
delhi_notification_2023,auto_rickshaw,na,24.2,279.7,30.0,1.5,11.0
delhi_notification_2023,auto_rickshaw,na,24.3,280.8,30.0,1.5,11.0
delhi_notification_2023,auto_rickshaw,na,24.4,281.9,30.0,1.5,11.0
delhi_notification_2023,auto_rickshaw,na,24.5,283.0,30.0,1.5,11.0
delhi_notification_2023,auto_rickshaw,na,24.6,284.1,30.0,1.5,11.0
delhi_notification_2023,auto_rickshaw,na,24.7,285.2,30.0,1.5,11.0
delhi_notification_2023,auto_rickshaw,na,24.8,286.3,30.0,1.5,11.0
delhi_notification_2023,auto_rickshaw,na,24.9,287.4,30.0,1.5,11.0
delhi_notification_2023,auto_rickshaw,na,25.0,288.5,30.0,1.5,11.0
delhi_notification_2023,auto_rickshaw,na,25.1,289.6,30.0,1.5,11.0
delhi_notification_2023,auto_rickshaw,na,25.2,290.7,30.0,1.5,11.0
delhi_notification_2023,auto_rickshaw,na,25.3,291.8,30.0,1.5,11.0
delhi_notification_2023,auto_rickshaw,na,25.4,292.9,30.0,1.5,11.0
delhi_notification_2023,auto_rickshaw,na,25.5,294.0,30.0,1.5,11.0
delhi_notification_2023,auto_rickshaw,na,25.6,295.1,30.0,1.5,11.0
delhi_notification_2023,auto_rickshaw,na,25.7,296.2,30.0,1.5,11.0
delhi_notification_2023,auto_rickshaw,na,25.8,297.3,30.0,1.5,11.0
delhi_notification_2023,auto_rickshaw,na,25.9,298.4,30.0,1.5,11.0
delhi_notification_2023,auto_rickshaw,na,26.0,299.5,30.0,1.5,11.0
delhi_notification_2023,auto_rickshaw,na,26.1,300.6,30.0,1.5,11.0
delhi_notification_2023,auto_rickshaw,na,26.2,301.7,30.0,1.5,11.0
delhi_notification_2023,auto_rickshaw,na,26.3,302.8,30.0,1.5,11.0
delhi_notification_2023,auto_rickshaw,na,26.4,303.9,30.0,1.5,11.0
delhi_notification_2023,auto_rickshaw,na,26.5,305.0,30.0,1.5,11.0
delhi_notification_2023,auto_rickshaw,na,26.6,306.1,30.0,1.5,11.0
delhi_notification_2023,auto_rickshaw,na,26.7,307.2,30.0,1.5,11.0
delhi_notification_2023,auto_rickshaw,na,26.8,308.3,30.0,1.5,11.0
delhi_notification_2023,auto_rickshaw,na,26.9,309.4,30.0,1.5,11.0
delhi_notification_2023,auto_rickshaw,na,27.0,310.5,30.0,1.5,11.0
delhi_notification_2023,auto_rickshaw,na,27.1,311.6,30.0,1.5,11.0
delhi_notification_2023,auto_rickshaw,na,27.2,312.7,30.0,1.5,11.0
delhi_notification_2023,auto_rickshaw,na,27.3,313.8,30.0,1.5,11.0
delhi_notification_2023,auto_rickshaw,na,27.4,314.9,30.0,1.5,11.0
delhi_notification_2023,auto_rickshaw,na,27.5,316.0,30.0,1.5,11.0
delhi_notification_2023,auto_rickshaw,na,27.6,317.1,30.0,1.5,11.0
delhi_notification_2023,auto_rickshaw,na,27.7,318.2,30.0,1.5,11.0
delhi_notification_2023,auto_rickshaw,na,27.8,319.3,30.0,1.5,11.0
delhi_notification_2023,auto_rickshaw,na,27.9,320.4,30.0,1.5,11.0
delhi_notification_2023,auto_rickshaw,na,28.0,321.5,30.0,1.5,11.0
delhi_notification_2023,auto_rickshaw,na,28.1,322.6,30.0,1.5,11.0
delhi_notification_2023,auto_rickshaw,na,28.2,323.7,30.0,1.5,11.0
delhi_notification_2023,auto_rickshaw,na,28.3,324.8,30.0,1.5,11.0
delhi_notification_2023,auto_rickshaw,na,28.4,325.9,30.0,1.5,11.0
delhi_notification_2023,auto_rickshaw,na,28.5,327.0,30.0,1.5,11.0
delhi_notification_2023,auto_rickshaw,na,28.6,328.1,30.0,1.5,11.0
delhi_notification_2023,auto_rickshaw,na,28.7,329.2,30.0,1.5,11.0
delhi_notification_2023,auto_rickshaw,na,28.8,330.3,30.0,1.5,11.0
delhi_notification_2023,auto_rickshaw,na,28.9,331.4,30.0,1.5,11.0
delhi_notification_2023,auto_rickshaw,na,29.0,332.5,30.0,1.5,11.0
delhi_notification_2023,auto_rickshaw,na,29.1,333.6,30.0,1.5,11.0
delhi_notification_2023,auto_rickshaw,na,29.2,334.7,30.0,1.5,11.0
delhi_notification_2023,auto_rickshaw,na,29.3,335.8,30.0,1.5,11.0
delhi_notification_2023,auto_rickshaw,na,29.4,336.9,30.0,1.5,11.0
delhi_notification_2023,auto_rickshaw,na,29.5,338.0,30.0,1.5,11.0
delhi_notification_2023,auto_rickshaw,na,29.6,339.1,30.0,1.5,11.0
delhi_notification_2023,auto_rickshaw,na,29.7,340.2,30.0,1.5,11.0
delhi_notification_2023,auto_rickshaw,na,29.8,341.3,30.0,1.5,11.0
delhi_notification_2023,auto_rickshaw,na,29.9,342.4,30.0,1.5,11.0
delhi_notification_2023,auto_rickshaw,na,30.0,343.5,30.0,1.5,11.0
delhi_notification_2023,auto_rickshaw,na,30.1,344.6,30.0,1.5,11.0
delhi_notification_2023,auto_rickshaw,na,30.2,345.7,30.0,1.5,11.0
delhi_notification_2023,auto_rickshaw,na,30.3,346.8,30.0,1.5,11.0
delhi_notification_2023,auto_rickshaw,na,30.4,347.9,30.0,1.5,11.0
delhi_notification_2023,auto_rickshaw,na,30.5,349.0,30.0,1.5,11.0
delhi_notification_2023,auto_rickshaw,na,30.6,350.1,30.0,1.5,11.0
delhi_notification_2023,auto_rickshaw,na,30.7,351.2,30.0,1.5,11.0
delhi_notification_2023,auto_rickshaw,na,30.8,352.3,30.0,1.5,11.0
delhi_notification_2023,auto_rickshaw,na,30.9,353.4,30.0,1.5,11.0
delhi_notification_2023,auto_rickshaw,na,31.0,354.5,30.0,1.5,11.0
delhi_notification_2023,auto_rickshaw,na,31.1,355.6,30.0,1.5,11.0
delhi_notification_2023,auto_rickshaw,na,31.2,356.7,30.0,1.5,11.0
delhi_notification_2023,auto_rickshaw,na,31.3,357.8,30.0,1.5,11.0
delhi_notification_2023,auto_rickshaw,na,31.4,358.9,30.0,1.5,11.0
delhi_notification_2023,auto_rickshaw,na,31.5,360.0,30.0,1.5,11.0
delhi_notification_2023,auto_rickshaw,na,31.6,361.1,30.0,1.5,11.0
delhi_notification_2023,auto_rickshaw,na,31.7,362.2,30.0,1.5,11.0
delhi_notification_2023,auto_rickshaw,na,31.8,363.3,30.0,1.5,11.0
delhi_notification_2023,auto_rickshaw,na,31.9,364.4,30.0,1.5,11.0
delhi_notification_2023,auto_rickshaw,na,32.0,365.5,30.0,1.5,11.0
delhi_notification_2023,taxi,non_ac,0-1.0,40.0,40.0,1.0,17.0
delhi_notification_2023,taxi,non_ac,1.1,41.7,40.0,1.0,17.0
delhi_notification_2023,taxi,non_ac,1.2,43.4,40.0,1.0,17.0
delhi_notification_2023,taxi,non_ac,1.3,45.1,40.0,1.0,17.0
delhi_notification_2023,taxi,non_ac,1.4,46.8,40.0,1.0,17.0
delhi_notification_2023,taxi,non_ac,1.5,48.5,40.0,1.0,17.0
delhi_notification_2023,taxi,non_ac,1.6,50.2,40.0,1.0,17.0
delhi_notification_2023,taxi,non_ac,1.7,51.9,40.0,1.0,17.0
delhi_notification_2023,taxi,non_ac,1.8,53.6,40.0,1.0,17.0
delhi_notification_2023,taxi,non_ac,1.9,55.3,40.0,1.0,17.0
delhi_notification_2023,taxi,non_ac,2.0,57.0,40.0,1.0,17.0
delhi_notification_2023,taxi,non_ac,2.1,58.7,40.0,1.0,17.0
delhi_notification_2023,taxi,non_ac,2.2,60.4,40.0,1.0,17.0
delhi_notification_2023,taxi,non_ac,2.3,62.1,40.0,1.0,17.0
delhi_notification_2023,taxi,non_ac,2.4,63.8,40.0,1.0,17.0
delhi_notification_2023,taxi,non_ac,2.5,65.5,40.0,1.0,17.0
delhi_notification_2023,taxi,non_ac,2.6,67.2,40.0,1.0,17.0
delhi_notification_2023,taxi,non_ac,2.7,68.9,40.0,1.0,17.0
delhi_notification_2023,taxi,non_ac,2.8,70.6,40.0,1.0,17.0
delhi_notification_2023,taxi,non_ac,2.9,72.3,40.0,1.0,17.0
delhi_notification_2023,taxi,non_ac,3.0,74.0,40.0,1.0,17.0
delhi_notification_2023,taxi,non_ac,3.1,75.7,40.0,1.0,17.0
delhi_notification_2023,taxi,non_ac,3.2,77.4,40.0,1.0,17.0
delhi_notification_2023,taxi,non_ac,3.3,79.1,40.0,1.0,17.0
delhi_notification_2023,taxi,non_ac,3.4,80.8,40.0,1.0,17.0
delhi_notification_2023,taxi,non_ac,3.5,82.5,40.0,1.0,17.0
delhi_notification_2023,taxi,non_ac,3.6,84.2,40.0,1.0,17.0
delhi_notification_2023,taxi,non_ac,3.7,85.9,40.0,1.0,17.0
delhi_notification_2023,taxi,non_ac,3.8,87.6,40.0,1.0,17.0
delhi_notification_2023,taxi,non_ac,3.9,89.3,40.0,1.0,17.0
delhi_notification_2023,taxi,non_ac,4.0,91.0,40.0,1.0,17.0
delhi_notification_2023,taxi,non_ac,4.1,92.7,40.0,1.0,17.0
delhi_notification_2023,taxi,non_ac,4.2,94.4,40.0,1.0,17.0
delhi_notification_2023,taxi,non_ac,4.3,96.1,40.0,1.0,17.0
delhi_notification_2023,taxi,non_ac,4.4,97.8,40.0,1.0,17.0
delhi_notification_2023,taxi,non_ac,4.5,99.5,40.0,1.0,17.0
delhi_notification_2023,taxi,non_ac,4.6,101.2,40.0,1.0,17.0
delhi_notification_2023,taxi,non_ac,4.7,102.9,40.0,1.0,17.0
delhi_notification_2023,taxi,non_ac,4.8,104.6,40.0,1.0,17.0
delhi_notification_2023,taxi,non_ac,4.9,106.3,40.0,1.0,17.0
delhi_notification_2023,taxi,non_ac,5.0,108.0,40.0,1.0,17.0
delhi_notification_2023,taxi,non_ac,5.1,109.7,40.0,1.0,17.0
delhi_notification_2023,taxi,non_ac,5.2,111.4,40.0,1.0,17.0
delhi_notification_2023,taxi,non_ac,5.3,113.1,40.0,1.0,17.0
delhi_notification_2023,taxi,non_ac,5.4,114.8,40.0,1.0,17.0
delhi_notification_2023,taxi,non_ac,5.5,116.5,40.0,1.0,17.0
delhi_notification_2023,taxi,non_ac,5.6,118.2,40.0,1.0,17.0
delhi_notification_2023,taxi,non_ac,5.7,119.9,40.0,1.0,17.0
delhi_notification_2023,taxi,non_ac,5.8,121.6,40.0,1.0,17.0
delhi_notification_2023,taxi,non_ac,5.9,123.3,40.0,1.0,17.0
delhi_notification_2023,taxi,non_ac,6.0,125.0,40.0,1.0,17.0
delhi_notification_2023,taxi,non_ac,6.1,126.7,40.0,1.0,17.0
delhi_notification_2023,taxi,non_ac,6.2,128.4,40.0,1.0,17.0
delhi_notification_2023,taxi,non_ac,6.3,130.1,40.0,1.0,17.0
delhi_notification_2023,taxi,non_ac,6.4,131.8,40.0,1.0,17.0
delhi_notification_2023,taxi,non_ac,6.5,133.5,40.0,1.0,17.0
delhi_notification_2023,taxi,non_ac,6.6,135.2,40.0,1.0,17.0
delhi_notification_2023,taxi,non_ac,6.7,136.9,40.0,1.0,17.0
delhi_notification_2023,taxi,non_ac,6.8,138.6,40.0,1.0,17.0
delhi_notification_2023,taxi,non_ac,6.9,140.3,40.0,1.0,17.0
delhi_notification_2023,taxi,non_ac,7.0,142.0,40.0,1.0,17.0
delhi_notification_2023,taxi,non_ac,7.1,143.7,40.0,1.0,17.0
delhi_notification_2023,taxi,non_ac,7.2,145.4,40.0,1.0,17.0
delhi_notification_2023,taxi,non_ac,7.3,147.1,40.0,1.0,17.0
delhi_notification_2023,taxi,non_ac,7.4,148.8,40.0,1.0,17.0
delhi_notification_2023,taxi,non_ac,7.5,150.5,40.0,1.0,17.0
delhi_notification_2023,taxi,non_ac,7.6,152.2,40.0,1.0,17.0
delhi_notification_2023,taxi,non_ac,7.7,153.9,40.0,1.0,17.0
delhi_notification_2023,taxi,non_ac,7.8,155.6,40.0,1.0,17.0
delhi_notification_2023,taxi,non_ac,7.9,157.3,40.0,1.0,17.0
delhi_notification_2023,taxi,non_ac,8.0,159.0,40.0,1.0,17.0
delhi_notification_2023,taxi,non_ac,8.1,160.7,40.0,1.0,17.0
delhi_notification_2023,taxi,non_ac,8.2,162.4,40.0,1.0,17.0
delhi_notification_2023,taxi,non_ac,8.3,164.1,40.0,1.0,17.0
delhi_notification_2023,taxi,non_ac,8.4,165.8,40.0,1.0,17.0
delhi_notification_2023,taxi,non_ac,8.5,167.5,40.0,1.0,17.0
delhi_notification_2023,taxi,non_ac,8.6,169.2,40.0,1.0,17.0
delhi_notification_2023,taxi,non_ac,8.7,170.9,40.0,1.0,17.0
delhi_notification_2023,taxi,non_ac,8.8,172.6,40.0,1.0,17.0
delhi_notification_2023,taxi,non_ac,8.9,174.3,40.0,1.0,17.0
delhi_notification_2023,taxi,non_ac,9.0,176.0,40.0,1.0,17.0
delhi_notification_2023,taxi,non_ac,9.1,177.7,40.0,1.0,17.0
delhi_notification_2023,taxi,non_ac,9.2,179.4,40.0,1.0,17.0
delhi_notification_2023,taxi,non_ac,9.3,181.1,40.0,1.0,17.0
delhi_notification_2023,taxi,non_ac,9.4,182.8,40.0,1.0,17.0
delhi_notification_2023,taxi,non_ac,9.5,184.5,40.0,1.0,17.0
delhi_notification_2023,taxi,non_ac,9.6,186.2,40.0,1.0,17.0
delhi_notification_2023,taxi,non_ac,9.7,187.9,40.0,1.0,17.0
delhi_notification_2023,taxi,non_ac,9.8,189.6,40.0,1.0,17.0
delhi_notification_2023,taxi,non_ac,9.9,191.3,40.0,1.0,17.0
delhi_notification_2023,taxi,non_ac,10.0,193.0,40.0,1.0,17.0
delhi_notification_2023,taxi,non_ac,10.1,194.7,40.0,1.0,17.0
delhi_notification_2023,taxi,non_ac,10.2,196.4,40.0,1.0,17.0
delhi_notification_2023,taxi,non_ac,10.3,198.1,40.0,1.0,17.0
delhi_notification_2023,taxi,non_ac,10.4,199.8,40.0,1.0,17.0
delhi_notification_2023,taxi,non_ac,10.5,201.5,40.0,1.0,17.0
delhi_notification_2023,taxi,non_ac,10.6,203.2,40.0,1.0,17.0
delhi_notification_2023,taxi,non_ac,10.7,204.9,40.0,1.0,17.0
delhi_notification_2023,taxi,non_ac,10.8,206.6,40.0,1.0,17.0
delhi_notification_2023,taxi,non_ac,10.9,208.3,40.0,1.0,17.0
delhi_notification_2023,taxi,non_ac,11.0,210.0,40.0,1.0,17.0
delhi_notification_2023,taxi,non_ac,11.1,211.7,40.0,1.0,17.0
delhi_notification_2023,taxi,non_ac,11.2,213.4,40.0,1.0,17.0
delhi_notification_2023,taxi,non_ac,11.3,215.1,40.0,1.0,17.0
delhi_notification_2023,taxi,non_ac,11.4,216.8,40.0,1.0,17.0
delhi_notification_2023,taxi,non_ac,11.5,218.5,40.0,1.0,17.0
delhi_notification_2023,taxi,non_ac,11.6,220.2,40.0,1.0,17.0
delhi_notification_2023,taxi,non_ac,11.7,221.9,40.0,1.0,17.0
delhi_notification_2023,taxi,non_ac,11.8,223.6,40.0,1.0,17.0
delhi_notification_2023,taxi,non_ac,11.9,225.3,40.0,1.0,17.0
delhi_notification_2023,taxi,non_ac,12.0,227.0,40.0,1.0,17.0
delhi_notification_2023,taxi,non_ac,12.1,228.7,40.0,1.0,17.0
delhi_notification_2023,taxi,non_ac,12.2,230.4,40.0,1.0,17.0
delhi_notification_2023,taxi,non_ac,12.3,232.1,40.0,1.0,17.0
delhi_notification_2023,taxi,non_ac,12.4,233.8,40.0,1.0,17.0
delhi_notification_2023,taxi,non_ac,12.5,235.5,40.0,1.0,17.0
delhi_notification_2023,taxi,non_ac,12.6,237.2,40.0,1.0,17.0
delhi_notification_2023,taxi,non_ac,12.7,238.9,40.0,1.0,17.0
delhi_notification_2023,taxi,non_ac,12.8,240.6,40.0,1.0,17.0
delhi_notification_2023,taxi,non_ac,12.9,242.3,40.0,1.0,17.0
delhi_notification_2023,taxi,non_ac,13.0,244.0,40.0,1.0,17.0
delhi_notification_2023,taxi,non_ac,13.1,245.7,40.0,1.0,17.0
delhi_notification_2023,taxi,non_ac,13.2,247.4,40.0,1.0,17.0
delhi_notification_2023,taxi,non_ac,13.3,249.1,40.0,1.0,17.0
delhi_notification_2023,taxi,non_ac,13.4,250.8,40.0,1.0,17.0
delhi_notification_2023,taxi,non_ac,13.5,252.5,40.0,1.0,17.0
delhi_notification_2023,taxi,non_ac,13.6,254.2,40.0,1.0,17.0
delhi_notification_2023,taxi,non_ac,13.7,255.9,40.0,1.0,17.0
delhi_notification_2023,taxi,non_ac,13.8,257.6,40.0,1.0,17.0
delhi_notification_2023,taxi,non_ac,13.9,259.3,40.0,1.0,17.0
delhi_notification_2023,taxi,non_ac,14.0,261.0,40.0,1.0,17.0
delhi_notification_2023,taxi,non_ac,14.1,262.7,40.0,1.0,17.0
delhi_notification_2023,taxi,non_ac,14.2,264.4,40.0,1.0,17.0
delhi_notification_2023,taxi,non_ac,14.3,266.1,40.0,1.0,17.0
delhi_notification_2023,taxi,non_ac,14.4,267.8,40.0,1.0,17.0
delhi_notification_2023,taxi,non_ac,14.5,269.5,40.0,1.0,17.0
delhi_notification_2023,taxi,non_ac,14.6,271.2,40.0,1.0,17.0
delhi_notification_2023,taxi,non_ac,14.7,272.9,40.0,1.0,17.0
delhi_notification_2023,taxi,non_ac,14.8,274.6,40.0,1.0,17.0
delhi_notification_2023,taxi,non_ac,14.9,276.3,40.0,1.0,17.0
delhi_notification_2023,taxi,non_ac,15.0,278.0,40.0,1.0,17.0
delhi_notification_2023,taxi,non_ac,15.1,279.7,40.0,1.0,17.0
delhi_notification_2023,taxi,non_ac,15.2,281.4,40.0,1.0,17.0
delhi_notification_2023,taxi,non_ac,15.3,283.1,40.0,1.0,17.0
delhi_notification_2023,taxi,non_ac,15.4,284.8,40.0,1.0,17.0
delhi_notification_2023,taxi,non_ac,15.5,286.5,40.0,1.0,17.0
delhi_notification_2023,taxi,non_ac,15.6,288.2,40.0,1.0,17.0
delhi_notification_2023,taxi,non_ac,15.7,289.9,40.0,1.0,17.0
delhi_notification_2023,taxi,non_ac,15.8,291.6,40.0,1.0,17.0
delhi_notification_2023,taxi,non_ac,15.9,293.3,40.0,1.0,17.0
delhi_notification_2023,taxi,non_ac,16.0,295.0,40.0,1.0,17.0
delhi_notification_2023,taxi,non_ac,16.1,296.7,40.0,1.0,17.0
delhi_notification_2023,taxi,non_ac,16.2,298.4,40.0,1.0,17.0
delhi_notification_2023,taxi,non_ac,16.3,300.1,40.0,1.0,17.0
delhi_notification_2023,taxi,non_ac,16.4,301.8,40.0,1.0,17.0
delhi_notification_2023,taxi,non_ac,16.5,303.5,40.0,1.0,17.0
delhi_notification_2023,taxi,non_ac,16.6,305.2,40.0,1.0,17.0
delhi_notification_2023,taxi,non_ac,16.7,306.9,40.0,1.0,17.0
delhi_notification_2023,taxi,non_ac,16.8,308.6,40.0,1.0,17.0
delhi_notification_2023,taxi,non_ac,16.9,310.3,40.0,1.0,17.0
delhi_notification_2023,taxi,non_ac,17.0,312.0,40.0,1.0,17.0
delhi_notification_2023,taxi,non_ac,17.1,313.7,40.0,1.0,17.0
delhi_notification_2023,taxi,non_ac,17.2,315.4,40.0,1.0,17.0
delhi_notification_2023,taxi,non_ac,17.3,317.1,40.0,1.0,17.0
delhi_notification_2023,taxi,non_ac,17.4,318.8,40.0,1.0,17.0
delhi_notification_2023,taxi,non_ac,17.5,320.5,40.0,1.0,17.0
delhi_notification_2023,taxi,non_ac,17.6,322.2,40.0,1.0,17.0
delhi_notification_2023,taxi,non_ac,17.7,323.9,40.0,1.0,17.0
delhi_notification_2023,taxi,non_ac,17.8,325.6,40.0,1.0,17.0
delhi_notification_2023,taxi,non_ac,17.9,327.3,40.0,1.0,17.0
delhi_notification_2023,taxi,non_ac,18.0,329.0,40.0,1.0,17.0
delhi_notification_2023,taxi,non_ac,18.1,330.7,40.0,1.0,17.0
delhi_notification_2023,taxi,non_ac,18.2,332.4,40.0,1.0,17.0
delhi_notification_2023,taxi,non_ac,18.3,334.1,40.0,1.0,17.0
delhi_notification_2023,taxi,non_ac,18.4,335.8,40.0,1.0,17.0
delhi_notification_2023,taxi,non_ac,18.5,337.5,40.0,1.0,17.0
delhi_notification_2023,taxi,non_ac,18.6,339.2,40.0,1.0,17.0
delhi_notification_2023,taxi,non_ac,18.7,340.9,40.0,1.0,17.0
delhi_notification_2023,taxi,non_ac,18.8,342.6,40.0,1.0,17.0
delhi_notification_2023,taxi,non_ac,18.9,344.3,40.0,1.0,17.0
delhi_notification_2023,taxi,non_ac,19.0,346.0,40.0,1.0,17.0
delhi_notification_2023,taxi,non_ac,19.1,347.7,40.0,1.0,17.0
delhi_notification_2023,taxi,non_ac,19.2,349.4,40.0,1.0,17.0
delhi_notification_2023,taxi,non_ac,19.3,351.1,40.0,1.0,17.0
delhi_notification_2023,taxi,non_ac,19.4,352.8,40.0,1.0,17.0
delhi_notification_2023,taxi,non_ac,19.5,354.5,40.0,1.0,17.0
delhi_notification_2023,taxi,non_ac,19.6,356.2,40.0,1.0,17.0
delhi_notification_2023,taxi,non_ac,19.7,357.9,40.0,1.0,17.0
delhi_notification_2023,taxi,non_ac,19.8,359.6,40.0,1.0,17.0
delhi_notification_2023,taxi,non_ac,19.9,361.3,40.0,1.0,17.0
delhi_notification_2023,taxi,non_ac,20.0,363.0,40.0,1.0,17.0
delhi_notification_2023,taxi,non_ac,20.1,364.7,40.0,1.0,17.0
delhi_notification_2023,taxi,non_ac,20.2,366.4,40.0,1.0,17.0
delhi_notification_2023,taxi,non_ac,20.3,368.1,40.0,1.0,17.0
delhi_notification_2023,taxi,non_ac,20.4,369.8,40.0,1.0,17.0
delhi_notification_2023,taxi,non_ac,20.5,371.5,40.0,1.0,17.0
delhi_notification_2023,taxi,non_ac,20.6,373.2,40.0,1.0,17.0
delhi_notification_2023,taxi,non_ac,20.7,374.9,40.0,1.0,17.0
delhi_notification_2023,taxi,non_ac,20.8,376.6,40.0,1.0,17.0
delhi_notification_2023,taxi,non_ac,20.9,378.3,40.0,1.0,17.0
delhi_notification_2023,taxi,non_ac,21.0,380.0,40.0,1.0,17.0
delhi_notification_2023,taxi,non_ac,21.1,381.7,40.0,1.0,17.0
delhi_notification_2023,taxi,non_ac,21.2,383.4,40.0,1.0,17.0
delhi_notification_2023,taxi,non_ac,21.3,385.1,40.0,1.0,17.0
delhi_notification_2023,taxi,non_ac,21.4,386.8,40.0,1.0,17.0
delhi_notification_2023,taxi,non_ac,21.5,388.5,40.0,1.0,17.0
delhi_notification_2023,taxi,non_ac,21.6,390.2,40.0,1.0,17.0
delhi_notification_2023,taxi,non_ac,21.7,391.9,40.0,1.0,17.0
delhi_notification_2023,taxi,non_ac,21.8,393.6,40.0,1.0,17.0
delhi_notification_2023,taxi,non_ac,21.9,395.3,40.0,1.0,17.0
delhi_notification_2023,taxi,non_ac,22.0,397.0,40.0,1.0,17.0
delhi_notification_2023,taxi,non_ac,22.1,398.7,40.0,1.0,17.0
delhi_notification_2023,taxi,non_ac,22.2,400.4,40.0,1.0,17.0
delhi_notification_2023,taxi,non_ac,22.3,402.1,40.0,1.0,17.0
delhi_notification_2023,taxi,non_ac,22.4,403.8,40.0,1.0,17.0
delhi_notification_2023,taxi,non_ac,22.5,405.5,40.0,1.0,17.0
delhi_notification_2023,taxi,non_ac,22.6,407.2,40.0,1.0,17.0
delhi_notification_2023,taxi,non_ac,22.7,408.9,40.0,1.0,17.0
delhi_notification_2023,taxi,non_ac,22.8,410.6,40.0,1.0,17.0
delhi_notification_2023,taxi,non_ac,22.9,412.3,40.0,1.0,17.0
delhi_notification_2023,taxi,non_ac,23.0,414.0,40.0,1.0,17.0
delhi_notification_2023,taxi,non_ac,23.1,415.7,40.0,1.0,17.0
delhi_notification_2023,taxi,non_ac,23.2,417.4,40.0,1.0,17.0
delhi_notification_2023,taxi,non_ac,23.3,419.1,40.0,1.0,17.0
delhi_notification_2023,taxi,non_ac,23.4,420.8,40.0,1.0,17.0
delhi_notification_2023,taxi,non_ac,23.5,422.5,40.0,1.0,17.0
delhi_notification_2023,taxi,non_ac,23.6,424.2,40.0,1.0,17.0
delhi_notification_2023,taxi,non_ac,23.7,425.9,40.0,1.0,17.0
delhi_notification_2023,taxi,non_ac,23.8,427.6,40.0,1.0,17.0
delhi_notification_2023,taxi,non_ac,23.9,429.3,40.0,1.0,17.0
delhi_notification_2023,taxi,non_ac,24.0,431.0,40.0,1.0,17.0
delhi_notification_2023,taxi,non_ac,24.1,432.7,40.0,1.0,17.0
delhi_notification_2023,taxi,non_ac,24.2,434.4,40.0,1.0,17.0
delhi_notification_2023,taxi,non_ac,24.3,436.1,40.0,1.0,17.0
delhi_notification_2023,taxi,non_ac,24.4,437.8,40.0,1.0,17.0
delhi_notification_2023,taxi,non_ac,24.5,439.5,40.0,1.0,17.0
delhi_notification_2023,taxi,non_ac,24.6,441.2,40.0,1.0,17.0
delhi_notification_2023,taxi,non_ac,24.7,442.9,40.0,1.0,17.0
delhi_notification_2023,taxi,non_ac,24.8,444.6,40.0,1.0,17.0
delhi_notification_2023,taxi,non_ac,24.9,446.3,40.0,1.0,17.0
delhi_notification_2023,taxi,non_ac,25.0,448.0,40.0,1.0,17.0
delhi_notification_2023,taxi,non_ac,25.1,449.7,40.0,1.0,17.0
delhi_notification_2023,taxi,non_ac,25.2,451.4,40.0,1.0,17.0
delhi_notification_2023,taxi,non_ac,25.3,453.1,40.0,1.0,17.0
delhi_notification_2023,taxi,non_ac,25.4,454.8,40.0,1.0,17.0
delhi_notification_2023,taxi,non_ac,25.5,456.5,40.0,1.0,17.0
delhi_notification_2023,taxi,non_ac,25.6,458.2,40.0,1.0,17.0
delhi_notification_2023,taxi,non_ac,25.7,459.9,40.0,1.0,17.0
delhi_notification_2023,taxi,non_ac,25.8,461.6,40.0,1.0,17.0
delhi_notification_2023,taxi,non_ac,25.9,463.3,40.0,1.0,17.0
delhi_notification_2023,taxi,non_ac,26.0,465.0,40.0,1.0,17.0
delhi_notification_2023,taxi,non_ac,26.1,466.7,40.0,1.0,17.0
delhi_notification_2023,taxi,non_ac,26.2,468.4,40.0,1.0,17.0
delhi_notification_2023,taxi,non_ac,26.3,470.1,40.0,1.0,17.0
delhi_notification_2023,taxi,non_ac,26.4,471.8,40.0,1.0,17.0
delhi_notification_2023,taxi,non_ac,26.5,473.5,40.0,1.0,17.0
delhi_notification_2023,taxi,non_ac,26.6,475.2,40.0,1.0,17.0
delhi_notification_2023,taxi,non_ac,26.7,476.9,40.0,1.0,17.0
delhi_notification_2023,taxi,non_ac,26.8,478.6,40.0,1.0,17.0
delhi_notification_2023,taxi,non_ac,26.9,480.3,40.0,1.0,17.0
delhi_notification_2023,taxi,non_ac,27.0,482.0,40.0,1.0,17.0
delhi_notification_2023,taxi,non_ac,27.1,483.7,40.0,1.0,17.0
delhi_notification_2023,taxi,non_ac,27.2,485.4,40.0,1.0,17.0
delhi_notification_2023,taxi,non_ac,27.3,487.1,40.0,1.0,17.0
delhi_notification_2023,taxi,non_ac,27.4,488.8,40.0,1.0,17.0
delhi_notification_2023,taxi,non_ac,27.5,490.5,40.0,1.0,17.0
delhi_notification_2023,taxi,non_ac,27.6,492.2,40.0,1.0,17.0
delhi_notification_2023,taxi,non_ac,27.7,493.9,40.0,1.0,17.0
delhi_notification_2023,taxi,non_ac,27.8,495.6,40.0,1.0,17.0
delhi_notification_2023,taxi,non_ac,27.9,497.3,40.0,1.0,17.0
delhi_notification_2023,taxi,non_ac,28.0,499.0,40.0,1.0,17.0
delhi_notification_2023,taxi,non_ac,28.1,500.7,40.0,1.0,17.0
delhi_notification_2023,taxi,non_ac,28.2,502.4,40.0,1.0,17.0
delhi_notification_2023,taxi,non_ac,28.3,504.1,40.0,1.0,17.0
delhi_notification_2023,taxi,non_ac,28.4,505.8,40.0,1.0,17.0
delhi_notification_2023,taxi,non_ac,28.5,507.5,40.0,1.0,17.0
delhi_notification_2023,taxi,non_ac,28.6,509.2,40.0,1.0,17.0
delhi_notification_2023,taxi,non_ac,28.7,510.9,40.0,1.0,17.0
delhi_notification_2023,taxi,non_ac,28.8,512.6,40.0,1.0,17.0
delhi_notification_2023,taxi,non_ac,28.9,514.3,40.0,1.0,17.0
delhi_notification_2023,taxi,non_ac,29.0,516.0,40.0,1.0,17.0
delhi_notification_2023,taxi,non_ac,29.1,517.7,40.0,1.0,17.0
delhi_notification_2023,taxi,non_ac,29.2,519.4,40.0,1.0,17.0
delhi_notification_2023,taxi,non_ac,29.3,521.1,40.0,1.0,17.0
delhi_notification_2023,taxi,non_ac,29.4,522.8,40.0,1.0,17.0
delhi_notification_2023,taxi,non_ac,29.5,524.5,40.0,1.0,17.0
delhi_notification_2023,taxi,non_ac,29.6,526.2,40.0,1.0,17.0
delhi_notification_2023,taxi,non_ac,29.7,527.9,40.0,1.0,17.0
delhi_notification_2023,taxi,non_ac,29.8,529.6,40.0,1.0,17.0
delhi_notification_2023,taxi,non_ac,29.9,531.3,40.0,1.0,17.0
delhi_notification_2023,taxi,non_ac,30.0,533.0,40.0,1.0,17.0
delhi_notification_2023,taxi,non_ac,30.1,534.7,40.0,1.0,17.0
delhi_notification_2023,taxi,non_ac,30.2,536.4,40.0,1.0,17.0
delhi_notification_2023,taxi,non_ac,30.3,538.1,40.0,1.0,17.0
delhi_notification_2023,taxi,non_ac,30.4,539.8,40.0,1.0,17.0
delhi_notification_2023,taxi,non_ac,30.5,541.5,40.0,1.0,17.0
delhi_notification_2023,taxi,non_ac,30.6,543.2,40.0,1.0,17.0
delhi_notification_2023,taxi,non_ac,30.7,544.9,40.0,1.0,17.0
delhi_notification_2023,taxi,non_ac,30.8,546.6,40.0,1.0,17.0
delhi_notification_2023,taxi,non_ac,30.9,548.3,40.0,1.0,17.0
delhi_notification_2023,taxi,non_ac,31.0,550.0,40.0,1.0,17.0
delhi_notification_2023,taxi,non_ac,31.1,551.7,40.0,1.0,17.0
delhi_notification_2023,taxi,non_ac,31.2,553.4,40.0,1.0,17.0
delhi_notification_2023,taxi,non_ac,31.3,555.1,40.0,1.0,17.0
delhi_notification_2023,taxi,non_ac,31.4,556.8,40.0,1.0,17.0
delhi_notification_2023,taxi,non_ac,31.5,558.5,40.0,1.0,17.0
delhi_notification_2023,taxi,non_ac,31.6,560.2,40.0,1.0,17.0
delhi_notification_2023,taxi,non_ac,31.7,561.9,40.0,1.0,17.0
delhi_notification_2023,taxi,non_ac,31.8,563.6,40.0,1.0,17.0
delhi_notification_2023,taxi,non_ac,31.9,565.3,40.0,1.0,17.0
delhi_notification_2023,taxi,non_ac,32.0,567.0,40.0,1.0,17.0
delhi_notification_2023,taxi,ac,0-1.0,40.0,40.0,1.0,20.0
delhi_notification_2023,taxi,ac,1.1,42.0,40.0,1.0,20.0
delhi_notification_2023,taxi,ac,1.2,44.0,40.0,1.0,20.0
delhi_notification_2023,taxi,ac,1.3,46.0,40.0,1.0,20.0
delhi_notification_2023,taxi,ac,1.4,48.0,40.0,1.0,20.0
delhi_notification_2023,taxi,ac,1.5,50.0,40.0,1.0,20.0
delhi_notification_2023,taxi,ac,1.6,52.0,40.0,1.0,20.0
delhi_notification_2023,taxi,ac,1.7,54.0,40.0,1.0,20.0
delhi_notification_2023,taxi,ac,1.8,56.0,40.0,1.0,20.0
delhi_notification_2023,taxi,ac,1.9,58.0,40.0,1.0,20.0
delhi_notification_2023,taxi,ac,2.0,60.0,40.0,1.0,20.0
delhi_notification_2023,taxi,ac,2.1,62.0,40.0,1.0,20.0
delhi_notification_2023,taxi,ac,2.2,64.0,40.0,1.0,20.0
delhi_notification_2023,taxi,ac,2.3,66.0,40.0,1.0,20.0
delhi_notification_2023,taxi,ac,2.4,68.0,40.0,1.0,20.0
delhi_notification_2023,taxi,ac,2.5,70.0,40.0,1.0,20.0
delhi_notification_2023,taxi,ac,2.6,72.0,40.0,1.0,20.0
delhi_notification_2023,taxi,ac,2.7,74.0,40.0,1.0,20.0
delhi_notification_2023,taxi,ac,2.8,76.0,40.0,1.0,20.0
delhi_notification_2023,taxi,ac,2.9,78.0,40.0,1.0,20.0
delhi_notification_2023,taxi,ac,3.0,80.0,40.0,1.0,20.0
delhi_notification_2023,taxi,ac,3.1,82.0,40.0,1.0,20.0
delhi_notification_2023,taxi,ac,3.2,84.0,40.0,1.0,20.0
delhi_notification_2023,taxi,ac,3.3,86.0,40.0,1.0,20.0
delhi_notification_2023,taxi,ac,3.4,88.0,40.0,1.0,20.0
delhi_notification_2023,taxi,ac,3.5,90.0,40.0,1.0,20.0
delhi_notification_2023,taxi,ac,3.6,92.0,40.0,1.0,20.0
delhi_notification_2023,taxi,ac,3.7,94.0,40.0,1.0,20.0
delhi_notification_2023,taxi,ac,3.8,96.0,40.0,1.0,20.0
delhi_notification_2023,taxi,ac,3.9,98.0,40.0,1.0,20.0
delhi_notification_2023,taxi,ac,4.0,100.0,40.0,1.0,20.0
delhi_notification_2023,taxi,ac,4.1,102.0,40.0,1.0,20.0
delhi_notification_2023,taxi,ac,4.2,104.0,40.0,1.0,20.0
delhi_notification_2023,taxi,ac,4.3,106.0,40.0,1.0,20.0
delhi_notification_2023,taxi,ac,4.4,108.0,40.0,1.0,20.0
delhi_notification_2023,taxi,ac,4.5,110.0,40.0,1.0,20.0
delhi_notification_2023,taxi,ac,4.6,112.0,40.0,1.0,20.0
delhi_notification_2023,taxi,ac,4.7,114.0,40.0,1.0,20.0
delhi_notification_2023,taxi,ac,4.8,116.0,40.0,1.0,20.0
delhi_notification_2023,taxi,ac,4.9,118.0,40.0,1.0,20.0
delhi_notification_2023,taxi,ac,5.0,120.0,40.0,1.0,20.0
delhi_notification_2023,taxi,ac,5.1,122.0,40.0,1.0,20.0
delhi_notification_2023,taxi,ac,5.2,124.0,40.0,1.0,20.0
delhi_notification_2023,taxi,ac,5.3,126.0,40.0,1.0,20.0
delhi_notification_2023,taxi,ac,5.4,128.0,40.0,1.0,20.0
delhi_notification_2023,taxi,ac,5.5,130.0,40.0,1.0,20.0
delhi_notification_2023,taxi,ac,5.6,132.0,40.0,1.0,20.0
delhi_notification_2023,taxi,ac,5.7,134.0,40.0,1.0,20.0
delhi_notification_2023,taxi,ac,5.8,136.0,40.0,1.0,20.0
delhi_notification_2023,taxi,ac,5.9,138.0,40.0,1.0,20.0
delhi_notification_2023,taxi,ac,6.0,140.0,40.0,1.0,20.0
delhi_notification_2023,taxi,ac,6.1,142.0,40.0,1.0,20.0
delhi_notification_2023,taxi,ac,6.2,144.0,40.0,1.0,20.0
delhi_notification_2023,taxi,ac,6.3,146.0,40.0,1.0,20.0
delhi_notification_2023,taxi,ac,6.4,148.0,40.0,1.0,20.0
delhi_notification_2023,taxi,ac,6.5,150.0,40.0,1.0,20.0
delhi_notification_2023,taxi,ac,6.6,152.0,40.0,1.0,20.0
delhi_notification_2023,taxi,ac,6.7,154.0,40.0,1.0,20.0
delhi_notification_2023,taxi,ac,6.8,156.0,40.0,1.0,20.0
delhi_notification_2023,taxi,ac,6.9,158.0,40.0,1.0,20.0
delhi_notification_2023,taxi,ac,7.0,160.0,40.0,1.0,20.0
delhi_notification_2023,taxi,ac,7.1,162.0,40.0,1.0,20.0
delhi_notification_2023,taxi,ac,7.2,164.0,40.0,1.0,20.0
delhi_notification_2023,taxi,ac,7.3,166.0,40.0,1.0,20.0
delhi_notification_2023,taxi,ac,7.4,168.0,40.0,1.0,20.0
delhi_notification_2023,taxi,ac,7.5,170.0,40.0,1.0,20.0
delhi_notification_2023,taxi,ac,7.6,172.0,40.0,1.0,20.0
delhi_notification_2023,taxi,ac,7.7,174.0,40.0,1.0,20.0
delhi_notification_2023,taxi,ac,7.8,176.0,40.0,1.0,20.0
delhi_notification_2023,taxi,ac,7.9,178.0,40.0,1.0,20.0
delhi_notification_2023,taxi,ac,8.0,180.0,40.0,1.0,20.0
delhi_notification_2023,taxi,ac,8.1,182.0,40.0,1.0,20.0
delhi_notification_2023,taxi,ac,8.2,184.0,40.0,1.0,20.0
delhi_notification_2023,taxi,ac,8.3,186.0,40.0,1.0,20.0
delhi_notification_2023,taxi,ac,8.4,188.0,40.0,1.0,20.0
delhi_notification_2023,taxi,ac,8.5,190.0,40.0,1.0,20.0
delhi_notification_2023,taxi,ac,8.6,192.0,40.0,1.0,20.0
delhi_notification_2023,taxi,ac,8.7,194.0,40.0,1.0,20.0
delhi_notification_2023,taxi,ac,8.8,196.0,40.0,1.0,20.0
delhi_notification_2023,taxi,ac,8.9,198.0,40.0,1.0,20.0
delhi_notification_2023,taxi,ac,9.0,200.0,40.0,1.0,20.0
delhi_notification_2023,taxi,ac,9.1,202.0,40.0,1.0,20.0
delhi_notification_2023,taxi,ac,9.2,204.0,40.0,1.0,20.0
delhi_notification_2023,taxi,ac,9.3,206.0,40.0,1.0,20.0
delhi_notification_2023,taxi,ac,9.4,208.0,40.0,1.0,20.0
delhi_notification_2023,taxi,ac,9.5,210.0,40.0,1.0,20.0
delhi_notification_2023,taxi,ac,9.6,212.0,40.0,1.0,20.0
delhi_notification_2023,taxi,ac,9.7,214.0,40.0,1.0,20.0
delhi_notification_2023,taxi,ac,9.8,216.0,40.0,1.0,20.0
delhi_notification_2023,taxi,ac,9.9,218.0,40.0,1.0,20.0
delhi_notification_2023,taxi,ac,10.0,220.0,40.0,1.0,20.0
delhi_notification_2023,taxi,ac,10.1,222.0,40.0,1.0,20.0
delhi_notification_2023,taxi,ac,10.2,224.0,40.0,1.0,20.0
delhi_notification_2023,taxi,ac,10.3,226.0,40.0,1.0,20.0
delhi_notification_2023,taxi,ac,10.4,228.0,40.0,1.0,20.0
delhi_notification_2023,taxi,ac,10.5,230.0,40.0,1.0,20.0
delhi_notification_2023,taxi,ac,10.6,232.0,40.0,1.0,20.0
delhi_notification_2023,taxi,ac,10.7,234.0,40.0,1.0,20.0
delhi_notification_2023,taxi,ac,10.8,236.0,40.0,1.0,20.0
delhi_notification_2023,taxi,ac,10.9,238.0,40.0,1.0,20.0
delhi_notification_2023,taxi,ac,11.0,240.0,40.0,1.0,20.0
delhi_notification_2023,taxi,ac,11.1,242.0,40.0,1.0,20.0
delhi_notification_2023,taxi,ac,11.2,244.0,40.0,1.0,20.0
delhi_notification_2023,taxi,ac,11.3,246.0,40.0,1.0,20.0
delhi_notification_2023,taxi,ac,11.4,248.0,40.0,1.0,20.0
delhi_notification_2023,taxi,ac,11.5,250.0,40.0,1.0,20.0
delhi_notification_2023,taxi,ac,11.6,252.0,40.0,1.0,20.0
delhi_notification_2023,taxi,ac,11.7,254.0,40.0,1.0,20.0
delhi_notification_2023,taxi,ac,11.8,256.0,40.0,1.0,20.0
delhi_notification_2023,taxi,ac,11.9,258.0,40.0,1.0,20.0
delhi_notification_2023,taxi,ac,12.0,260.0,40.0,1.0,20.0
delhi_notification_2023,taxi,ac,12.1,262.0,40.0,1.0,20.0
delhi_notification_2023,taxi,ac,12.2,264.0,40.0,1.0,20.0
delhi_notification_2023,taxi,ac,12.3,266.0,40.0,1.0,20.0
delhi_notification_2023,taxi,ac,12.4,268.0,40.0,1.0,20.0
delhi_notification_2023,taxi,ac,12.5,270.0,40.0,1.0,20.0
delhi_notification_2023,taxi,ac,12.6,272.0,40.0,1.0,20.0
delhi_notification_2023,taxi,ac,12.7,274.0,40.0,1.0,20.0
delhi_notification_2023,taxi,ac,12.8,276.0,40.0,1.0,20.0
delhi_notification_2023,taxi,ac,12.9,278.0,40.0,1.0,20.0
delhi_notification_2023,taxi,ac,13.0,280.0,40.0,1.0,20.0
delhi_notification_2023,taxi,ac,13.1,282.0,40.0,1.0,20.0
delhi_notification_2023,taxi,ac,13.2,284.0,40.0,1.0,20.0
delhi_notification_2023,taxi,ac,13.3,286.0,40.0,1.0,20.0
delhi_notification_2023,taxi,ac,13.4,288.0,40.0,1.0,20.0
delhi_notification_2023,taxi,ac,13.5,290.0,40.0,1.0,20.0
delhi_notification_2023,taxi,ac,13.6,292.0,40.0,1.0,20.0
delhi_notification_2023,taxi,ac,13.7,294.0,40.0,1.0,20.0
delhi_notification_2023,taxi,ac,13.8,296.0,40.0,1.0,20.0
delhi_notification_2023,taxi,ac,13.9,298.0,40.0,1.0,20.0
delhi_notification_2023,taxi,ac,14.0,300.0,40.0,1.0,20.0
delhi_notification_2023,taxi,ac,14.1,302.0,40.0,1.0,20.0
delhi_notification_2023,taxi,ac,14.2,304.0,40.0,1.0,20.0
delhi_notification_2023,taxi,ac,14.3,306.0,40.0,1.0,20.0
delhi_notification_2023,taxi,ac,14.4,308.0,40.0,1.0,20.0
delhi_notification_2023,taxi,ac,14.5,310.0,40.0,1.0,20.0
delhi_notification_2023,taxi,ac,14.6,312.0,40.0,1.0,20.0
delhi_notification_2023,taxi,ac,14.7,314.0,40.0,1.0,20.0
delhi_notification_2023,taxi,ac,14.8,316.0,40.0,1.0,20.0
delhi_notification_2023,taxi,ac,14.9,318.0,40.0,1.0,20.0
delhi_notification_2023,taxi,ac,15.0,320.0,40.0,1.0,20.0
delhi_notification_2023,taxi,ac,15.1,322.0,40.0,1.0,20.0
delhi_notification_2023,taxi,ac,15.2,324.0,40.0,1.0,20.0
delhi_notification_2023,taxi,ac,15.3,326.0,40.0,1.0,20.0
delhi_notification_2023,taxi,ac,15.4,328.0,40.0,1.0,20.0
delhi_notification_2023,taxi,ac,15.5,330.0,40.0,1.0,20.0
delhi_notification_2023,taxi,ac,15.6,332.0,40.0,1.0,20.0
delhi_notification_2023,taxi,ac,15.7,334.0,40.0,1.0,20.0
delhi_notification_2023,taxi,ac,15.8,336.0,40.0,1.0,20.0
delhi_notification_2023,taxi,ac,15.9,338.0,40.0,1.0,20.0
delhi_notification_2023,taxi,ac,16.0,340.0,40.0,1.0,20.0
delhi_notification_2023,taxi,ac,16.1,342.0,40.0,1.0,20.0
delhi_notification_2023,taxi,ac,16.2,344.0,40.0,1.0,20.0
delhi_notification_2023,taxi,ac,16.3,346.0,40.0,1.0,20.0
delhi_notification_2023,taxi,ac,16.4,348.0,40.0,1.0,20.0
delhi_notification_2023,taxi,ac,16.5,350.0,40.0,1.0,20.0
delhi_notification_2023,taxi,ac,16.6,352.0,40.0,1.0,20.0
delhi_notification_2023,taxi,ac,16.7,354.0,40.0,1.0,20.0
delhi_notification_2023,taxi,ac,16.8,356.0,40.0,1.0,20.0
delhi_notification_2023,taxi,ac,16.9,358.0,40.0,1.0,20.0
delhi_notification_2023,taxi,ac,17.0,360.0,40.0,1.0,20.0
delhi_notification_2023,taxi,ac,17.1,362.0,40.0,1.0,20.0
delhi_notification_2023,taxi,ac,17.2,364.0,40.0,1.0,20.0
delhi_notification_2023,taxi,ac,17.3,366.0,40.0,1.0,20.0
delhi_notification_2023,taxi,ac,17.4,368.0,40.0,1.0,20.0
delhi_notification_2023,taxi,ac,17.5,370.0,40.0,1.0,20.0
delhi_notification_2023,taxi,ac,17.6,372.0,40.0,1.0,20.0
delhi_notification_2023,taxi,ac,17.7,374.0,40.0,1.0,20.0
delhi_notification_2023,taxi,ac,17.8,376.0,40.0,1.0,20.0
delhi_notification_2023,taxi,ac,17.9,378.0,40.0,1.0,20.0
delhi_notification_2023,taxi,ac,18.0,380.0,40.0,1.0,20.0
delhi_notification_2023,taxi,ac,18.1,382.0,40.0,1.0,20.0
delhi_notification_2023,taxi,ac,18.2,384.0,40.0,1.0,20.0
delhi_notification_2023,taxi,ac,18.3,386.0,40.0,1.0,20.0
delhi_notification_2023,taxi,ac,18.4,388.0,40.0,1.0,20.0
delhi_notification_2023,taxi,ac,18.5,390.0,40.0,1.0,20.0
delhi_notification_2023,taxi,ac,18.6,392.0,40.0,1.0,20.0
delhi_notification_2023,taxi,ac,18.7,394.0,40.0,1.0,20.0
delhi_notification_2023,taxi,ac,18.8,396.0,40.0,1.0,20.0
delhi_notification_2023,taxi,ac,18.9,398.0,40.0,1.0,20.0
delhi_notification_2023,taxi,ac,19.0,400.0,40.0,1.0,20.0
delhi_notification_2023,taxi,ac,19.1,402.0,40.0,1.0,20.0
delhi_notification_2023,taxi,ac,19.2,404.0,40.0,1.0,20.0
delhi_notification_2023,taxi,ac,19.3,406.0,40.0,1.0,20.0
delhi_notification_2023,taxi,ac,19.4,408.0,40.0,1.0,20.0
delhi_notification_2023,taxi,ac,19.5,410.0,40.0,1.0,20.0
delhi_notification_2023,taxi,ac,19.6,412.0,40.0,1.0,20.0
delhi_notification_2023,taxi,ac,19.7,414.0,40.0,1.0,20.0
delhi_notification_2023,taxi,ac,19.8,416.0,40.0,1.0,20.0
delhi_notification_2023,taxi,ac,19.9,418.0,40.0,1.0,20.0
delhi_notification_2023,taxi,ac,20.0,420.0,40.0,1.0,20.0
delhi_notification_2023,taxi,ac,20.1,422.0,40.0,1.0,20.0
delhi_notification_2023,taxi,ac,20.2,424.0,40.0,1.0,20.0
delhi_notification_2023,taxi,ac,20.3,426.0,40.0,1.0,20.0
delhi_notification_2023,taxi,ac,20.4,428.0,40.0,1.0,20.0
delhi_notification_2023,taxi,ac,20.5,430.0,40.0,1.0,20.0
delhi_notification_2023,taxi,ac,20.6,432.0,40.0,1.0,20.0
delhi_notification_2023,taxi,ac,20.7,434.0,40.0,1.0,20.0
delhi_notification_2023,taxi,ac,20.8,436.0,40.0,1.0,20.0
delhi_notification_2023,taxi,ac,20.9,438.0,40.0,1.0,20.0
delhi_notification_2023,taxi,ac,21.0,440.0,40.0,1.0,20.0
delhi_notification_2023,taxi,ac,21.1,442.0,40.0,1.0,20.0
delhi_notification_2023,taxi,ac,21.2,444.0,40.0,1.0,20.0
delhi_notification_2023,taxi,ac,21.3,446.0,40.0,1.0,20.0
delhi_notification_2023,taxi,ac,21.4,448.0,40.0,1.0,20.0
delhi_notification_2023,taxi,ac,21.5,450.0,40.0,1.0,20.0
delhi_notification_2023,taxi,ac,21.6,452.0,40.0,1.0,20.0
delhi_notification_2023,taxi,ac,21.7,454.0,40.0,1.0,20.0
delhi_notification_2023,taxi,ac,21.8,456.0,40.0,1.0,20.0
delhi_notification_2023,taxi,ac,21.9,458.0,40.0,1.0,20.0
delhi_notification_2023,taxi,ac,22.0,460.0,40.0,1.0,20.0
delhi_notification_2023,taxi,ac,22.1,462.0,40.0,1.0,20.0
delhi_notification_2023,taxi,ac,22.2,464.0,40.0,1.0,20.0
delhi_notification_2023,taxi,ac,22.3,466.0,40.0,1.0,20.0
delhi_notification_2023,taxi,ac,22.4,468.0,40.0,1.0,20.0
delhi_notification_2023,taxi,ac,22.5,470.0,40.0,1.0,20.0
delhi_notification_2023,taxi,ac,22.6,472.0,40.0,1.0,20.0
delhi_notification_2023,taxi,ac,22.7,474.0,40.0,1.0,20.0
delhi_notification_2023,taxi,ac,22.8,476.0,40.0,1.0,20.0
delhi_notification_2023,taxi,ac,22.9,478.0,40.0,1.0,20.0
delhi_notification_2023,taxi,ac,23.0,480.0,40.0,1.0,20.0
delhi_notification_2023,taxi,ac,23.1,482.0,40.0,1.0,20.0
delhi_notification_2023,taxi,ac,23.2,484.0,40.0,1.0,20.0
delhi_notification_2023,taxi,ac,23.3,486.0,40.0,1.0,20.0
delhi_notification_2023,taxi,ac,23.4,488.0,40.0,1.0,20.0
delhi_notification_2023,taxi,ac,23.5,490.0,40.0,1.0,20.0
delhi_notification_2023,taxi,ac,23.6,492.0,40.0,1.0,20.0
delhi_notification_2023,taxi,ac,23.7,494.0,40.0,1.0,20.0
delhi_notification_2023,taxi,ac,23.8,496.0,40.0,1.0,20.0
delhi_notification_2023,taxi,ac,23.9,498.0,40.0,1.0,20.0
delhi_notification_2023,taxi,ac,24.0,500.0,40.0,1.0,20.0
delhi_notification_2023,taxi,ac,24.1,502.0,40.0,1.0,20.0
delhi_notification_2023,taxi,ac,24.2,504.0,40.0,1.0,20.0
delhi_notification_2023,taxi,ac,24.3,506.0,40.0,1.0,20.0
delhi_notification_2023,taxi,ac,24.4,508.0,40.0,1.0,20.0
delhi_notification_2023,taxi,ac,24.5,510.0,40.0,1.0,20.0
delhi_notification_2023,taxi,ac,24.6,512.0,40.0,1.0,20.0
delhi_notification_2023,taxi,ac,24.7,514.0,40.0,1.0,20.0
delhi_notification_2023,taxi,ac,24.8,516.0,40.0,1.0,20.0
delhi_notification_2023,taxi,ac,24.9,518.0,40.0,1.0,20.0
delhi_notification_2023,taxi,ac,25.0,520.0,40.0,1.0,20.0
delhi_notification_2023,taxi,ac,25.1,522.0,40.0,1.0,20.0
delhi_notification_2023,taxi,ac,25.2,524.0,40.0,1.0,20.0
delhi_notification_2023,taxi,ac,25.3,526.0,40.0,1.0,20.0
delhi_notification_2023,taxi,ac,25.4,528.0,40.0,1.0,20.0
delhi_notification_2023,taxi,ac,25.5,530.0,40.0,1.0,20.0
delhi_notification_2023,taxi,ac,25.6,532.0,40.0,1.0,20.0
delhi_notification_2023,taxi,ac,25.7,534.0,40.0,1.0,20.0
delhi_notification_2023,taxi,ac,25.8,536.0,40.0,1.0,20.0
delhi_notification_2023,taxi,ac,25.9,538.0,40.0,1.0,20.0
delhi_notification_2023,taxi,ac,26.0,540.0,40.0,1.0,20.0
delhi_notification_2023,taxi,ac,26.1,542.0,40.0,1.0,20.0
delhi_notification_2023,taxi,ac,26.2,544.0,40.0,1.0,20.0
delhi_notification_2023,taxi,ac,26.3,546.0,40.0,1.0,20.0
delhi_notification_2023,taxi,ac,26.4,548.0,40.0,1.0,20.0
delhi_notification_2023,taxi,ac,26.5,550.0,40.0,1.0,20.0
delhi_notification_2023,taxi,ac,26.6,552.0,40.0,1.0,20.0
delhi_notification_2023,taxi,ac,26.7,554.0,40.0,1.0,20.0
delhi_notification_2023,taxi,ac,26.8,556.0,40.0,1.0,20.0
delhi_notification_2023,taxi,ac,26.9,558.0,40.0,1.0,20.0
delhi_notification_2023,taxi,ac,27.0,560.0,40.0,1.0,20.0
delhi_notification_2023,taxi,ac,27.1,562.0,40.0,1.0,20.0
delhi_notification_2023,taxi,ac,27.2,564.0,40.0,1.0,20.0
delhi_notification_2023,taxi,ac,27.3,566.0,40.0,1.0,20.0
delhi_notification_2023,taxi,ac,27.4,568.0,40.0,1.0,20.0
delhi_notification_2023,taxi,ac,27.5,570.0,40.0,1.0,20.0
delhi_notification_2023,taxi,ac,27.6,572.0,40.0,1.0,20.0
delhi_notification_2023,taxi,ac,27.7,574.0,40.0,1.0,20.0
delhi_notification_2023,taxi,ac,27.8,576.0,40.0,1.0,20.0
delhi_notification_2023,taxi,ac,27.9,578.0,40.0,1.0,20.0
delhi_notification_2023,taxi,ac,28.0,580.0,40.0,1.0,20.0
delhi_notification_2023,taxi,ac,28.1,582.0,40.0,1.0,20.0
delhi_notification_2023,taxi,ac,28.2,584.0,40.0,1.0,20.0
delhi_notification_2023,taxi,ac,28.3,586.0,40.0,1.0,20.0
delhi_notification_2023,taxi,ac,28.4,588.0,40.0,1.0,20.0
delhi_notification_2023,taxi,ac,28.5,590.0,40.0,1.0,20.0
delhi_notification_2023,taxi,ac,28.6,592.0,40.0,1.0,20.0
delhi_notification_2023,taxi,ac,28.7,594.0,40.0,1.0,20.0
delhi_notification_2023,taxi,ac,28.8,596.0,40.0,1.0,20.0
delhi_notification_2023,taxi,ac,28.9,598.0,40.0,1.0,20.0
delhi_notification_2023,taxi,ac,29.0,600.0,40.0,1.0,20.0
delhi_notification_2023,taxi,ac,29.1,602.0,40.0,1.0,20.0
delhi_notification_2023,taxi,ac,29.2,604.0,40.0,1.0,20.0
delhi_notification_2023,taxi,ac,29.3,606.0,40.0,1.0,20.0
delhi_notification_2023,taxi,ac,29.4,608.0,40.0,1.0,20.0
delhi_notification_2023,taxi,ac,29.5,610.0,40.0,1.0,20.0
delhi_notification_2023,taxi,ac,29.6,612.0,40.0,1.0,20.0
delhi_notification_2023,taxi,ac,29.7,614.0,40.0,1.0,20.0
delhi_notification_2023,taxi,ac,29.8,616.0,40.0,1.0,20.0
delhi_notification_2023,taxi,ac,29.9,618.0,40.0,1.0,20.0
delhi_notification_2023,taxi,ac,30.0,620.0,40.0,1.0,20.0
delhi_notification_2023,taxi,ac,30.1,622.0,40.0,1.0,20.0
delhi_notification_2023,taxi,ac,30.2,624.0,40.0,1.0,20.0
delhi_notification_2023,taxi,ac,30.3,626.0,40.0,1.0,20.0
delhi_notification_2023,taxi,ac,30.4,628.0,40.0,1.0,20.0
delhi_notification_2023,taxi,ac,30.5,630.0,40.0,1.0,20.0
delhi_notification_2023,taxi,ac,30.6,632.0,40.0,1.0,20.0
delhi_notification_2023,taxi,ac,30.7,634.0,40.0,1.0,20.0
delhi_notification_2023,taxi,ac,30.8,636.0,40.0,1.0,20.0
delhi_notification_2023,taxi,ac,30.9,638.0,40.0,1.0,20.0
delhi_notification_2023,taxi,ac,31.0,640.0,40.0,1.0,20.0
delhi_notification_2023,taxi,ac,31.1,642.0,40.0,1.0,20.0
delhi_notification_2023,taxi,ac,31.2,644.0,40.0,1.0,20.0
delhi_notification_2023,taxi,ac,31.3,646.0,40.0,1.0,20.0
delhi_notification_2023,taxi,ac,31.4,648.0,40.0,1.0,20.0
delhi_notification_2023,taxi,ac,31.5,650.0,40.0,1.0,20.0
delhi_notification_2023,taxi,ac,31.6,652.0,40.0,1.0,20.0
delhi_notification_2023,taxi,ac,31.7,654.0,40.0,1.0,20.0
delhi_notification_2023,taxi,ac,31.8,656.0,40.0,1.0,20.0
delhi_notification_2023,taxi,ac,31.9,658.0,40.0,1.0,20.0
delhi_notification_2023,taxi,ac,32.0,660.0,40.0,1.0,20.0
